type,stock_id,order_id,is_buy,price,quantity
ADD,0,220,TRUE,30,140
ADD,1,221,TRUE,31,140
ADD,2,222,TRUE,32,140
ADD,3,223,TRUE,33,140
ADD,3,1,TRUE,98.46,140
ADD,1,2,TRUE,89.73,66
ADD,1,3,TRUE,113.83,91
ADD,2,4,TRUE,88.14,103
ADD,0,5,TRUE,64.58,83
ADD,1,6,TRUE,65.63,95
ADD,0,7,TRUE,97.32,8
ADD,2,8,TRUE,120.18,174
CANCEL,0,7,TRUE,97.32,8
ADD,0,9,TRUE,103.73,164
CANCEL,1,3,TRUE,113.83,91
ADD,3,10,TRUE,105.22,145
ADD,3,11,TRUE,73.61,126
ADD,0,12,TRUE,129.58,17
CANCEL,3,10,TRUE,105.22,145
CANCEL,1,2,TRUE,89.73,66
ADD,1,13,TRUE,126.17,108
ADD,3,14,TRUE,128.91,146
CANCEL,2,8,TRUE,120.18,174
CANCEL,1,13,TRUE,126.17,108
ADD,1,15,TRUE,58.68,148
CANCEL,0,12,TRUE,129.58,17
ADD,3,16,TRUE,87.92,23
ADD,1,17,TRUE,62.33,16
ADD,2,18,TRUE,126.34,177
ADD,0,19,TRUE,81.81,182
ADD,2,20,TRUE,116.82,167
ADD,3,21,TRUE,113.08,12
ADD,0,22,TRUE,92.08,42
ADD,1,23,TRUE,127.25,224
CANCEL,1,23,TRUE,127.25,224
ADD,2,24,TRUE,116.51,37
ADD,3,25,TRUE,59.59,241
ADD,3,26,TRUE,104.58,109
ADD,1,27,TRUE,84.07,254
ADD,0,28,TRUE,90.72,83
ADD,2,29,TRUE,57.48,40
ADD,1,30,TRUE,125.02,224
ADD,2,31,TRUE,80.25,62
ADD,3,32,TRUE,95.89,123
CANCEL,1,30,TRUE,125.02,224
CANCEL,0,22,TRUE,92.08,42
ADD,3,33,TRUE,75.08,228
ADD,0,34,TRUE,78.71,48
CANCEL,3,14,TRUE,128.91,146
ADD,2,35,TRUE,51.05,240
ADD,1,36,TRUE,74.83,69
ADD,3,37,TRUE,95.03,254
ADD,0,38,TRUE,95.51,255
CANCEL,1,27,TRUE,84.07,254
CANCEL,3,21,TRUE,113.08,12
ADD,0,39,TRUE,116.26,57
ADD,3,40,TRUE,71.66,161
CANCEL,0,39,TRUE,116.26,57
ADD,2,41,TRUE,71.17,57
CANCEL,1,36,TRUE,74.83,69
ADD,2,42,TRUE,64.27,179
CANCEL,0,38,TRUE,95.51,255
ADD,2,43,TRUE,119.72,243
CANCEL,2,18,TRUE,126.34,177
ADD,0,44,TRUE,126.1,58
ADD,1,45,TRUE,65,227
ADD,1,46,TRUE,80.71,181
ADD,3,47,TRUE,125.06,131
ADD,2,48,TRUE,109.53,174
ADD,2,49,TRUE,125.27,221
ADD,3,50,TRUE,109.17,167
ADD,3,51,TRUE,54.02,75
ADD,0,52,TRUE,120.24,2
ADD,1,53,TRUE,125.67,210
CANCEL,3,47,TRUE,125.06,131
ADD,1,54,TRUE,120.07,163
ADD,1,55,TRUE,128.76,10
CANCEL,1,55,TRUE,128.76,10
CANCEL,3,50,TRUE,109.17,167
CANCEL,3,26,TRUE,104.58,109
ADD,2,56,TRUE,57.41,199
ADD,3,57,TRUE,104.21,149
CANCEL,1,53,TRUE,125.67,210
ADD,2,58,TRUE,50.74,93
ADD,0,59,TRUE,94.34,238
ADD,1,60,TRUE,83.63,235
ADD,3,61,TRUE,122.43,25
ADD,3,62,TRUE,119.1,167
ADD,0,63,TRUE,67.62,209
ADD,1,64,TRUE,87.83,190
ADD,0,65,TRUE,67.94,151
ADD,3,66,TRUE,112.89,239
ADD,0,67,TRUE,58.12,51
CANCEL,1,54,TRUE,120.07,163
CANCEL,3,61,TRUE,122.43,25
ADD,0,68,TRUE,55.35,202
ADD,1,69,TRUE,74.13,131
ADD,1,70,TRUE,118.43,95
CANCEL,2,49,TRUE,125.27,221
ADD,2,71,TRUE,60.36,96
CANCEL,3,62,TRUE,119.1,167
ADD,2,72,TRUE,74.81,218
ADD,1,73,TRUE,101.13,146
ADD,0,74,TRUE,80.35,192
ADD,0,75,TRUE,57.43,8
CANCEL,0,44,TRUE,126.1,58
CANCEL,1,70,TRUE,118.43,95
ADD,3,76,TRUE,83.51,150
ADD,1,77,TRUE,93.21,84
ADD,3,78,TRUE,122.52,144
ADD,3,79,TRUE,129.23,49
ADD,1,80,TRUE,93.82,51
ADD,3,81,TRUE,116.08,116
CANCEL,3,79,TRUE,129.23,49
CANCEL,2,43,TRUE,119.72,243
ADD,2,82,TRUE,100.85,84
CANCEL,1,73,TRUE,101.13,146
CANCEL,0,52,TRUE,120.24,2
ADD,3,83,TRUE,84.68,120
ADD,3,84,TRUE,91.95,203
ADD,0,85,TRUE,70.64,56
ADD,3,86,TRUE,108,225
ADD,3,87,TRUE,104.19,211
ADD,2,88,TRUE,82.33,218
ADD,1,89,TRUE,62.89,238
ADD,1,90,TRUE,67.02,110
CANCEL,3,78,TRUE,122.52,144
ADD,3,91,TRUE,87.24,3
ADD,2,92,TRUE,101.2,146
ADD,3,93,TRUE,69.51,207
CANCEL,1,80,TRUE,93.82,51
CANCEL,2,20,TRUE,116.82,167
CANCEL,2,24,TRUE,116.51,37
ADD,3,94,TRUE,118.37,40
ADD,1,95,TRUE,88.84,154
ADD,3,96,TRUE,67.76,218
CANCEL,2,48,TRUE,109.53,174
ADD,3,97,TRUE,61.31,148
CANCEL,3,94,TRUE,118.37,40
ADD,3,98,TRUE,111.75,200
CANCEL,2,92,TRUE,101.2,146
CANCEL,3,81,TRUE,116.08,116
ADD,1,99,TRUE,50.17,67
ADD,1,100,TRUE,122.8,67
ADD,2,101,TRUE,101.44,202
CANCEL,1,100,TRUE,122.8,67
ADD,1,102,TRUE,124.85,215
ADD,3,103,TRUE,61.92,177
ADD,3,104,TRUE,69.95,172
CANCEL,1,102,TRUE,124.85,215
ADD,0,105,TRUE,68.84,120
CANCEL,1,77,TRUE,93.21,84
ADD,3,106,TRUE,51.47,55
ADD,0,107,TRUE,115.83,170
CANCEL,3,66,TRUE,112.89,239
ADD,2,108,TRUE,111.17,53
ADD,3,109,TRUE,117.12,129
CANCEL,3,109,TRUE,117.12,129
ADD,0,110,TRUE,96.61,142
ADD,1,111,TRUE,88.07,198
ADD,0,112,TRUE,121.72,228
ADD,0,113,TRUE,68.35,69
ADD,1,114,TRUE,59.49,198
ADD,0,115,TRUE,89.91,235
ADD,1,116,TRUE,101.37,27
ADD,2,117,TRUE,117.5,92
ADD,0,118,TRUE,101.85,129
ADD,3,119,TRUE,54.49,195
CANCEL,1,116,TRUE,101.37,27
CANCEL,3,98,TRUE,111.75,200
ADD,3,120,TRUE,51.05,176
ADD,0,121,TRUE,101.96,23
ADD,1,122,TRUE,81.23,239
CANCEL,0,112,TRUE,121.72,228
ADD,3,123,TRUE,125.08,173
ADD,0,124,TRUE,83.87,216
ADD,0,125,TRUE,69.43,214
CANCEL,3,123,TRUE,125.08,173
ADD,3,126,TRUE,82.06,119
CANCEL,3,86,TRUE,108,225
ADD,2,127,TRUE,83.57,27
ADD,1,128,TRUE,66.95,247
ADD,0,129,TRUE,51.83,144
ADD,0,130,TRUE,69.39,92
ADD,3,131,TRUE,79.7,20
CANCEL,3,57,TRUE,104.21,149
ADD,2,132,TRUE,68.44,176
ADD,0,133,TRUE,77.58,153
CANCEL,2,117,TRUE,117.5,92
ADD,1,134,TRUE,97,59
ADD,0,135,TRUE,112.27,138
CANCEL,0,107,TRUE,115.83,170
ADD,1,136,TRUE,99.01,248
CANCEL,1,136,TRUE,99.01,248
ADD,1,137,TRUE,123.79,163
ADD,1,138,TRUE,52.83,254
ADD,3,139,TRUE,114.33,183
CANCEL,1,137,TRUE,123.79,163
ADD,3,140,TRUE,98.09,174
ADD,3,141,TRUE,106.1,71
ADD,2,142,TRUE,65.5,62
ADD,2,143,TRUE,89.7,72
ADD,3,144,TRUE,116.74,119
ADD,1,145,TRUE,127.8,60
ADD,2,146,TRUE,62.69,46
ADD,2,147,TRUE,62.03,139
ADD,2,148,TRUE,117.37,152
ADD,2,149,TRUE,99.13,148
ADD,1,150,TRUE,122.19,191
CANCEL,0,135,TRUE,112.27,138
ADD,3,151,TRUE,107.27,187
ADD,0,152,TRUE,91.57,247
ADD,3,153,TRUE,63.04,45
ADD,0,154,TRUE,122.63,137
ADD,1,155,TRUE,110.96,136
CANCEL,0,154,TRUE,122.63,137
ADD,3,156,TRUE,77.55,15
ADD,2,157,TRUE,118.19,135
ADD,1,158,TRUE,127.19,51
ADD,1,159,TRUE,119.06,33
CANCEL,3,144,TRUE,116.74,119
CANCEL,2,157,TRUE,118.19,135
ADD,1,160,TRUE,93.98,26
ADD,1,161,TRUE,68.06,192
ADD,1,162,TRUE,78.99,236
ADD,0,163,TRUE,66.69,226
ADD,0,164,TRUE,129.65,226
ADD,2,165,TRUE,53.97,126
ADD,1,166,TRUE,84.24,103
ADD,3,167,TRUE,127.13,132
CANCEL,1,145,TRUE,127.8,60
CANCEL,1,158,TRUE,127.19,51
CANCEL,0,164,TRUE,129.65,226
ADD,0,168,TRUE,69.73,28
ADD,1,169,TRUE,122.11,226
ADD,2,170,TRUE,98.07,186
ADD,1,171,TRUE,76.22,117
CANCEL,0,121,TRUE,101.96,23
ADD,2,172,TRUE,69.53,2
ADD,1,173,TRUE,61.61,105
CANCEL,2,148,TRUE,117.37,152
ADD,3,174,TRUE,125.79,82
ADD,2,175,TRUE,92.05,219
ADD,0,176,TRUE,105.67,125
ADD,3,177,TRUE,88.62,157
CANCEL,0,176,TRUE,105.67,125
ADD,3,178,TRUE,129.29,246
CANCEL,3,178,TRUE,129.29,246
CANCEL,2,108,TRUE,111.17,53
ADD,3,179,TRUE,84.42,105
ADD,3,180,TRUE,110.08,158
ADD,0,181,TRUE,72.24,235
ADD,1,182,TRUE,58.1,24
ADD,1,183,TRUE,94,58
ADD,2,184,TRUE,117.54,170
ADD,2,185,TRUE,93.81,48
CANCEL,3,167,TRUE,127.13,132
ADD,3,186,TRUE,104.97,40
ADD,0,187,TRUE,106.2,204
ADD,3,188,TRUE,61.8,137
ADD,0,189,TRUE,69.42,158
ADD,1,190,TRUE,105.84,20
ADD,0,191,TRUE,122.18,240
ADD,2,192,TRUE,124.73,67
ADD,1,193,TRUE,86.9,91
ADD,1,194,TRUE,92.17,127
ADD,0,195,TRUE,62.43,2
ADD,0,196,TRUE,81.21,32
ADD,1,197,TRUE,122.72,222
ADD,3,198,TRUE,122.21,34
ADD,2,199,TRUE,104.55,237
ADD,0,200,TRUE,62.02,195
ADD,1,1,TRUE,64.87,223
ADD,1,2,TRUE,78.98,65
ADD,2,3,TRUE,87.84,58
ADD,3,4,TRUE,111.36,105
CANCEL,2,192,TRUE,124.73,67
ADD,3,5,TRUE,79.59,8
ADD,1,6,TRUE,125.75,179
ADD,3,7,TRUE,90.25,47
CANCEL,0,191,TRUE,122.18,240
ADD,3,8,TRUE,77.99,150
ADD,2,9,TRUE,58.28,168
ADD,2,10,TRUE,129.02,97
ADD,2,11,TRUE,81,149
ADD,1,12,TRUE,114.74,237
CANCEL,2,10,TRUE,129.02,97
ADD,2,13,TRUE,67.68,41
CANCEL,3,174,TRUE,125.79,82
ADD,3,14,TRUE,60.61,35
ADD,0,15,TRUE,56.6,34
ADD,2,16,TRUE,99.08,11
ADD,1,17,TRUE,73.95,166
CANCEL,1,6,TRUE,125.75,179
ADD,2,18,TRUE,87.59,70
ADD,0,19,TRUE,55.5,233
ADD,0,20,TRUE,59.1,215
ADD,0,21,TRUE,77.28,210
ADD,3,22,TRUE,55.98,214
ADD,2,23,TRUE,91.94,54
ADD,1,24,TRUE,115.32,41
ADD,0,25,TRUE,108.12,95
ADD,1,26,TRUE,94.2,180
ADD,2,27,TRUE,101.34,26
ADD,0,28,TRUE,75.72,39
ADD,0,29,TRUE,118.76,132
CANCEL,2,184,TRUE,117.54,170
ADD,2,30,TRUE,71.54,4
CANCEL,0,29,TRUE,118.76,132
ADD,0,31,TRUE,73.75,178
ADD,0,32,TRUE,97.71,60
ADD,3,33,TRUE,105.3,16
ADD,0,34,TRUE,83.58,206
ADD,3,35,TRUE,75.42,16
ADD,0,36,TRUE,65.32,248
ADD,2,37,TRUE,108.49,237
ADD,1,38,TRUE,129.76,4
ADD,1,39,TRUE,96.67,44
ADD,3,40,TRUE,112.46,59
ADD,2,41,TRUE,98.09,85
ADD,3,42,TRUE,85.07,200
ADD,3,43,TRUE,115.96,39
CANCEL,1,38,TRUE,129.76,4
ADD,3,44,TRUE,112.69,20
CANCEL,1,197,TRUE,122.72,222
ADD,1,45,TRUE,127.7,126
CANCEL,1,45,TRUE,127.7,126
ADD,2,46,TRUE,64.8,76
CANCEL,1,150,TRUE,122.19,191
ADD,2,47,TRUE,69.45,103
ADD,1,48,TRUE,85.08,90
ADD,0,49,TRUE,54.72,62
CANCEL,0,25,TRUE,108.12,95
ADD,0,50,TRUE,115.6,158
CANCEL,0,50,TRUE,115.6,158
ADD,2,51,TRUE,104.49,116
ADD,0,52,TRUE,92.62,242
ADD,2,53,TRUE,51.33,30
ADD,3,54,TRUE,112.59,16
ADD,3,55,TRUE,74.54,38
ADD,2,56,TRUE,63.96,230
ADD,3,57,TRUE,95.88,247
ADD,0,58,TRUE,88.23,104
ADD,3,59,TRUE,79.99,59
ADD,3,60,TRUE,83.61,212
ADD,0,61,TRUE,66.65,96
ADD,1,62,TRUE,60.23,196
ADD,3,63,TRUE,57.79,197
ADD,0,64,TRUE,128.36,123
ADD,1,65,TRUE,80.81,152
ADD,0,66,TRUE,64.42,222
CANCEL,3,198,TRUE,122.21,34
ADD,3,67,TRUE,78.01,40
ADD,0,68,TRUE,62.25,210
ADD,3,69,TRUE,50.27,243
ADD,3,70,TRUE,59.51,174
ADD,1,71,TRUE,125.98,59
ADD,1,72,TRUE,77.21,23
ADD,0,73,TRUE,66.04,3
ADD,3,74,TRUE,126.19,169
ADD,2,75,TRUE,101.52,90
ADD,3,76,TRUE,89.26,234
ADD,1,77,TRUE,74.16,223
ADD,2,78,TRUE,85.59,141
ADD,3,79,TRUE,87.89,38
ADD,2,80,TRUE,85.21,232
CANCEL,0,64,TRUE,128.36,123
ADD,3,81,TRUE,123.72,225
ADD,1,82,TRUE,112.84,86
ADD,3,83,TRUE,51.63,181
ADD,0,84,TRUE,109.29,212
ADD,0,85,TRUE,122.85,55
ADD,1,86,TRUE,118.08,63
CANCEL,1,71,TRUE,125.98,59
ADD,3,87,TRUE,120.46,223
ADD,3,88,TRUE,71.63,60
CANCEL,1,169,TRUE,122.11,226
ADD,0,89,TRUE,105.75,152
ADD,0,90,TRUE,70.59,10
ADD,1,91,TRUE,55.28,56
ADD,2,92,TRUE,84.86,123
ADD,1,93,TRUE,64.3,75
CANCEL,3,74,TRUE,126.19,169
ADD,1,94,TRUE,72.81,156
ADD,3,95,TRUE,125.9,126
ADD,1,96,TRUE,78.04,132
ADD,1,97,TRUE,68.51,233
ADD,0,98,TRUE,102.64,97
ADD,2,99,TRUE,121.36,78
ADD,3,100,TRUE,97.04,144
ADD,3,101,TRUE,114.75,149
ADD,0,102,TRUE,94.25,22
ADD,0,103,TRUE,70.87,121
ADD,0,104,TRUE,107.45,178
ADD,1,105,TRUE,91.34,11
ADD,0,106,TRUE,88.15,231
ADD,1,107,TRUE,85.9,3
ADD,0,108,TRUE,82.22,195
ADD,1,109,TRUE,77.94,39
ADD,2,110,TRUE,53.28,73
ADD,3,111,TRUE,88.82,197
ADD,0,112,TRUE,112.45,191
ADD,2,113,TRUE,53.89,132
ADD,0,114,TRUE,79.54,45
ADD,1,115,TRUE,120.65,179
ADD,2,116,TRUE,67.24,73
ADD,1,117,TRUE,74.56,30
CANCEL,3,95,TRUE,125.9,126
ADD,0,118,TRUE,73.62,13
ADD,2,119,TRUE,89.75,105
ADD,3,120,TRUE,67.63,20
ADD,2,121,TRUE,88.13,92
CANCEL,3,81,TRUE,123.72,225
CANCEL,2,99,TRUE,121.36,78
CANCEL,0,85,TRUE,122.85,55
ADD,1,122,TRUE,65.03,50
ADD,3,123,TRUE,93.51,124
ADD,3,124,TRUE,64.46,131
ADD,1,125,TRUE,113.31,43
ADD,3,126,TRUE,124.42,91
CANCEL,0,112,TRUE,112.45,191
ADD,1,127,TRUE,77.97,232
ADD,1,128,TRUE,66.84,89
ADD,3,129,TRUE,70.26,96
CANCEL,1,115,TRUE,120.65,179
ADD,0,130,TRUE,56.03,20
ADD,2,131,TRUE,87.97,51
ADD,3,132,TRUE,121.91,147
ADD,3,133,TRUE,60.55,224
ADD,2,134,TRUE,81.29,174
ADD,3,135,TRUE,90.67,181
CANCEL,0,84,TRUE,109.29,212
ADD,1,136,TRUE,71.23,33
ADD,2,137,TRUE,67.77,84
ADD,3,138,TRUE,114.54,189
ADD,0,139,TRUE,112.61,85
ADD,3,140,TRUE,128.83,29
ADD,1,141,TRUE,100.48,142
ADD,0,142,TRUE,98.04,90
CANCEL,3,140,TRUE,128.83,29
ADD,1,143,TRUE,102.56,121
ADD,0,144,TRUE,61.53,58
ADD,3,145,TRUE,87.61,240
ADD,1,146,TRUE,94.07,17
ADD,1,147,TRUE,103,108
ADD,3,148,TRUE,53.56,5
CANCEL,1,159,TRUE,119.06,33
CANCEL,3,126,TRUE,124.42,91
ADD,2,149,TRUE,99.9,124
ADD,3,150,TRUE,104.1,24
ADD,2,151,TRUE,61.82,219
ADD,2,152,TRUE,126.24,48
ADD,0,153,TRUE,95.94,90
CANCEL,3,132,TRUE,121.91,147
ADD,1,154,TRUE,125,44
ADD,1,155,TRUE,53.98,93
ADD,2,156,TRUE,60.76,249
ADD,0,157,TRUE,127.03,137
ADD,1,158,TRUE,99.86,67
ADD,1,159,TRUE,119.78,127
ADD,0,160,TRUE,100.58,200
ADD,2,161,TRUE,127.7,110
ADD,3,162,TRUE,103.24,203
CANCEL,3,87,TRUE,120.46,223
ADD,3,163,TRUE,93.83,243
ADD,3,164,TRUE,65.39,233
ADD,2,165,TRUE,119.8,188
CANCEL,2,161,TRUE,127.7,110
ADD,2,166,TRUE,125.31,144
ADD,2,167,TRUE,112.9,22
ADD,0,168,TRUE,96.07,219
ADD,2,169,TRUE,69.57,141
ADD,1,170,TRUE,120.71,49
ADD,3,171,TRUE,107.97,37
ADD,1,172,TRUE,107.75,253
CANCEL,1,154,TRUE,125,44
ADD,0,173,TRUE,125.21,84
ADD,0,174,TRUE,111.35,186
ADD,0,175,TRUE,90.89,98
ADD,3,176,TRUE,70.45,239
ADD,2,177,TRUE,129.07,23
ADD,0,178,TRUE,87.23,250
ADD,0,179,TRUE,85.4,124
ADD,2,180,TRUE,77.54,30
ADD,2,181,TRUE,114.82,207
ADD,1,182,TRUE,78.35,79
ADD,1,183,TRUE,52.94,112
ADD,2,184,TRUE,103.67,203
ADD,1,185,TRUE,128.05,219
ADD,2,186,TRUE,81.96,129
CANCEL,1,185,TRUE,128.05,219
ADD,2,187,TRUE,118.5,76
ADD,0,188,TRUE,99.7,102
CANCEL,0,157,TRUE,127.03,137
ADD,2,189,TRUE,99.53,204
ADD,3,190,TRUE,104.59,121
CANCEL,2,177,TRUE,129.07,23
ADD,3,191,TRUE,94.39,55
ADD,0,192,TRUE,92.79,39
ADD,0,193,TRUE,50.22,66
CANCEL,0,173,TRUE,125.21,84
CANCEL,0,139,TRUE,112.61,85
ADD,0,194,TRUE,74.59,184
ADD,0,195,TRUE,70.84,191
ADD,3,196,TRUE,51.23,1
ADD,1,197,TRUE,88.05,124
ADD,2,198,TRUE,94.99,127
CANCEL,1,170,TRUE,120.71,49
ADD,1,199,TRUE,70.53,71
ADD,2,200,TRUE,112.28,38
ADD,2,1,TRUE,115.45,86
ADD,3,2,TRUE,104.71,163
ADD,1,3,TRUE,103.57,144
ADD,2,4,TRUE,60.06,189
CANCEL,2,152,TRUE,126.24,48
ADD,3,5,TRUE,101.78,166
ADD,0,6,TRUE,88.04,111
CANCEL,0,174,TRUE,111.35,186
ADD,0,7,TRUE,78.89,122
CANCEL,0,104,TRUE,107.45,178
ADD,0,8,TRUE,108.78,50
ADD,2,9,TRUE,57.98,167
ADD,0,10,TRUE,91.52,70
ADD,3,11,TRUE,93.79,232
CANCEL,0,8,TRUE,108.78,50
ADD,1,12,TRUE,58.64,245
ADD,3,13,TRUE,81.39,11
ADD,3,14,TRUE,111.18,81
CANCEL,2,166,TRUE,125.31,144
ADD,2,15,TRUE,122.44,118
ADD,1,16,TRUE,54.06,235
ADD,3,17,TRUE,92.46,161
ADD,3,18,TRUE,92.58,164
ADD,3,19,TRUE,66.95,173
ADD,1,20,TRUE,74.07,242
ADD,3,21,TRUE,90.25,76
CANCEL,3,43,TRUE,115.96,39
CANCEL,2,15,TRUE,122.44,118
ADD,0,22,TRUE,68.08,65
ADD,0,23,TRUE,79.47,35
ADD,0,24,TRUE,76.2,118
ADD,1,25,TRUE,83.83,38
ADD,0,26,TRUE,117.73,177
ADD,2,27,TRUE,66.75,231
ADD,0,28,TRUE,73.87,247
CANCEL,2,165,TRUE,119.8,188
ADD,3,29,TRUE,64.11,191
ADD,1,30,TRUE,55.6,191
ADD,2,31,TRUE,60.56,148
ADD,2,32,TRUE,79.07,172
ADD,3,33,TRUE,82.93,111
ADD,2,34,TRUE,64.8,231
CANCEL,1,159,TRUE,119.78,127
CANCEL,3,101,TRUE,114.75,149
ADD,2,35,TRUE,59.51,98
ADD,2,36,TRUE,97.01,81
CANCEL,1,86,TRUE,118.08,63
ADD,2,37,TRUE,77.07,183
CANCEL,2,187,TRUE,118.5,76
ADD,3,38,TRUE,112.66,224
ADD,3,39,TRUE,97.59,48
ADD,0,40,TRUE,61.47,81
CANCEL,0,26,TRUE,117.73,177
ADD,1,41,TRUE,78.92,70
CANCEL,1,24,TRUE,115.32,41
ADD,2,42,TRUE,112.94,160
ADD,1,43,TRUE,128.38,237
ADD,1,44,TRUE,90.3,17
ADD,0,45,TRUE,102.02,238
ADD,0,46,TRUE,100.86,247
ADD,3,47,TRUE,97.03,148
ADD,0,48,TRUE,94.69,88
ADD,2,49,TRUE,91.9,148
CANCEL,0,187,TRUE,106.2,204
ADD,1,50,TRUE,84.21,242
ADD,2,51,TRUE,128.88,86
CANCEL,2,51,TRUE,128.88,86
ADD,0,52,TRUE,91.33,61
ADD,2,53,TRUE,59.86,21
ADD,3,54,TRUE,117.72,19
ADD,1,55,TRUE,109.87,145
ADD,0,56,TRUE,59.03,226
ADD,0,57,TRUE,113.65,156
ADD,1,58,TRUE,76.03,210
ADD,1,59,TRUE,127.61,137
ADD,3,60,TRUE,109.97,172
ADD,2,61,TRUE,89.9,32
ADD,3,62,TRUE,116.83,238
ADD,0,63,TRUE,89.44,116
CANCEL,2,1,TRUE,115.45,86
ADD,1,64,TRUE,105.36,201
CANCEL,0,57,TRUE,113.65,156
ADD,0,65,TRUE,118.16,117
ADD,3,66,TRUE,78.26,223
ADD,3,67,TRUE,59.99,131
ADD,1,68,TRUE,124.54,160
CANCEL,0,65,TRUE,118.16,117
CANCEL,1,43,TRUE,128.38,237
ADD,3,69,TRUE,81.52,254
ADD,3,70,TRUE,128.73,230
ADD,1,71,TRUE,79.41,44
ADD,2,72,TRUE,73.88,246
ADD,0,73,TRUE,115.38,6
ADD,3,74,TRUE,84.69,30
CANCEL,0,73,TRUE,115.38,6
CANCEL,1,59,TRUE,127.61,137
CANCEL,3,70,TRUE,128.73,230
ADD,2,75,TRUE,59.72,105
ADD,1,76,TRUE,56.09,32
CANCEL,2,181,TRUE,114.82,207
ADD,2,77,TRUE,87.81,112
CANCEL,0,89,TRUE,105.75,152
ADD,1,78,TRUE,116.49,251
CANCEL,2,42,TRUE,112.94,160
ADD,2,79,TRUE,114.16,11
ADD,2,80,TRUE,114.26,87
ADD,0,81,TRUE,87.24,74
ADD,1,82,TRUE,95.06,210
ADD,1,83,TRUE,99.59,206
ADD,3,84,TRUE,96.76,136
ADD,3,85,TRUE,113.44,183
ADD,2,86,TRUE,111.17,246
ADD,2,87,TRUE,67.27,11
ADD,2,88,TRUE,71.33,216
ADD,3,89,TRUE,66.22,132
ADD,0,90,TRUE,109.3,188
ADD,3,91,TRUE,102.78,44
ADD,0,92,TRUE,54.02,139
ADD,2,93,TRUE,63.69,172
ADD,3,94,TRUE,54.13,246
ADD,2,95,TRUE,89.16,173
ADD,0,96,TRUE,53.49,170
CANCEL,0,90,TRUE,109.3,188
ADD,2,97,TRUE,105.97,30
ADD,3,98,TRUE,100.2,212
ADD,1,99,TRUE,113.47,161
CANCEL,0,98,TRUE,102.64,97
ADD,3,100,TRUE,74.93,81
ADD,3,101,TRUE,62.87,43
ADD,3,102,TRUE,102.56,88
ADD,2,103,TRUE,128.9,190
ADD,1,104,TRUE,107.87,8
ADD,3,105,TRUE,124.56,109
ADD,3,106,TRUE,66.86,236
ADD,0,107,TRUE,106.43,185
CANCEL,0,107,TRUE,106.43,185
ADD,2,108,TRUE,113.95,39
CANCEL,0,45,TRUE,102.02,238
ADD,3,109,TRUE,125.29,228
CANCEL,0,118,TRUE,101.85,129
ADD,2,110,TRUE,51.65,160
ADD,3,111,TRUE,106.42,62
ADD,1,112,TRUE,126.13,241
ADD,3,113,TRUE,53.17,21
ADD,3,114,TRUE,83.59,168
ADD,2,115,TRUE,101.81,6
ADD,1,116,TRUE,129.38,156
CANCEL,2,103,TRUE,128.9,190
ADD,2,117,TRUE,128.65,27
ADD,3,118,TRUE,76.79,71
ADD,3,119,TRUE,99.64,84
CANCEL,3,109,TRUE,125.29,228
ADD,2,120,TRUE,55.98,28
ADD,2,121,TRUE,108.08,58
ADD,2,122,TRUE,129.76,116
ADD,1,123,TRUE,127.8,37
ADD,2,124,TRUE,98.59,152
ADD,0,125,TRUE,80.1,159
ADD,0,126,TRUE,57.97,39
ADD,2,127,TRUE,72.25,17
ADD,1,128,TRUE,98.34,233
ADD,3,129,TRUE,85.16,203
ADD,0,130,TRUE,82.02,217
ADD,2,131,TRUE,99.17,235
ADD,3,132,TRUE,122.57,223
ADD,0,133,TRUE,127.25,58
ADD,3,134,TRUE,78.63,9
ADD,0,135,TRUE,50.12,97
ADD,1,136,TRUE,68.11,242
ADD,3,137,TRUE,74.9,73
ADD,2,138,TRUE,89.59,48
ADD,0,139,TRUE,121.42,60
ADD,2,140,TRUE,105.29,246
ADD,1,141,TRUE,87.83,46
ADD,2,142,TRUE,105.66,13
ADD,2,143,TRUE,76.44,120
ADD,3,144,TRUE,76.04,127
CANCEL,0,133,TRUE,127.25,58
ADD,0,145,TRUE,65.31,170
ADD,2,146,TRUE,81.96,68
ADD,0,147,TRUE,67.64,42
ADD,0,148,TRUE,97.49,184
ADD,2,149,TRUE,112.91,127
CANCEL,3,105,TRUE,124.56,109
ADD,3,150,TRUE,95.17,204
ADD,3,151,TRUE,97.55,178
ADD,0,152,TRUE,53.14,109
CANCEL,1,116,TRUE,129.38,156
ADD,2,153,TRUE,128.12,109
ADD,0,154,TRUE,123.05,119
ADD,1,155,TRUE,92.45,68
ADD,3,156,TRUE,54.06,36
ADD,1,157,TRUE,59.58,245
ADD,0,158,TRUE,63.57,79
ADD,2,159,TRUE,124.99,212
CANCEL,3,132,TRUE,122.57,223
ADD,1,160,TRUE,76.53,58
ADD,0,161,TRUE,101.21,71
ADD,3,162,TRUE,85.61,59
ADD,3,163,TRUE,129.29,103
ADD,0,164,TRUE,65.87,102
ADD,1,165,TRUE,105.91,222
ADD,2,166,TRUE,91.96,36
ADD,0,167,TRUE,71.82,7
ADD,2,168,TRUE,64.63,107
ADD,0,169,TRUE,77.38,62
CANCEL,1,123,TRUE,127.8,37
CANCEL,0,154,TRUE,123.05,119
ADD,1,170,TRUE,115.14,211
CANCEL,1,112,TRUE,126.13,241
ADD,3,171,TRUE,70.52,56
CANCEL,1,68,TRUE,124.54,160
ADD,0,172,TRUE,63.86,49
ADD,2,173,TRUE,129.79,137
ADD,2,174,TRUE,108.28,179
CANCEL,3,163,TRUE,129.29,103
ADD,3,175,TRUE,107.16,24
ADD,0,176,TRUE,92.19,246
ADD,3,177,TRUE,72.76,173
CANCEL,3,54,TRUE,117.72,19
ADD,0,178,TRUE,99.52,84
ADD,0,179,TRUE,92.38,96
ADD,2,180,TRUE,76.38,28
ADD,1,181,TRUE,59.95,241
ADD,1,182,TRUE,100.17,165
ADD,3,183,TRUE,108.58,8
ADD,2,184,TRUE,80.57,109
ADD,3,185,TRUE,90.05,198
CANCEL,3,62,TRUE,116.83,238
ADD,0,186,TRUE,85.14,121
ADD,2,187,TRUE,74.64,108
ADD,3,188,TRUE,84.86,203
ADD,3,189,TRUE,90.78,54
CANCEL,2,173,TRUE,129.79,137
ADD,1,190,TRUE,97.33,42
ADD,3,191,TRUE,126.2,60
ADD,3,192,TRUE,72.26,255
ADD,2,193,TRUE,86.13,75
ADD,2,194,TRUE,68.33,205
ADD,2,195,TRUE,105.84,103
ADD,3,196,TRUE,105.39,160
ADD,2,197,TRUE,120.84,222
ADD,1,198,TRUE,95.86,65
CANCEL,2,122,TRUE,129.76,116
ADD,1,199,TRUE,107.54,205
ADD,0,200,TRUE,59.21,210
ADD,1,1,TRUE,60.33,220
CANCEL,0,139,TRUE,121.42,60
ADD,3,2,TRUE,50.68,56
ADD,0,3,TRUE,85.75,137
ADD,2,4,TRUE,96.31,214
ADD,1,5,TRUE,68.26,202
CANCEL,3,191,TRUE,126.2,60
ADD,2,6,TRUE,57.27,82
ADD,0,7,TRUE,69.92,152
ADD,1,8,TRUE,103.8,135
ADD,1,9,TRUE,110.74,186
CANCEL,2,117,TRUE,128.65,27
ADD,1,10,TRUE,78.41,20
CANCEL,2,153,TRUE,128.12,109
CANCEL,1,78,TRUE,116.49,251
ADD,3,11,TRUE,99.76,166
ADD,0,12,TRUE,125.27,159
ADD,3,13,TRUE,102.16,76
ADD,3,14,TRUE,78.61,84
ADD,3,15,TRUE,98.03,149
CANCEL,3,138,TRUE,114.54,189
ADD,0,16,TRUE,76.91,68
ADD,2,17,TRUE,109.5,90
ADD,1,18,TRUE,85.27,44
ADD,3,19,TRUE,83.55,48
ADD,0,20,TRUE,54.15,203
ADD,3,21,TRUE,73.51,245
ADD,1,22,TRUE,70.15,61
ADD,2,23,TRUE,75.52,52
ADD,2,24,TRUE,72.48,18
ADD,1,25,TRUE,106.19,238
ADD,2,26,TRUE,123.7,10
ADD,3,27,TRUE,53.4,210
ADD,2,28,TRUE,71.77,93
ADD,1,29,TRUE,73.01,102
ADD,0,30,TRUE,126.67,21
ADD,1,31,TRUE,95.77,123
CANCEL,2,159,TRUE,124.99,212
ADD,2,32,TRUE,65.54,23
ADD,2,33,TRUE,125.41,210
ADD,3,34,TRUE,91.56,197
CANCEL,0,30,TRUE,126.67,21
CANCEL,3,139,TRUE,114.33,183
ADD,0,35,TRUE,85.9,236
ADD,3,36,TRUE,59.91,170
ADD,3,37,TRUE,74.82,106
ADD,0,38,TRUE,108.51,10
ADD,3,39,TRUE,100.27,102
CANCEL,0,12,TRUE,125.27,159
ADD,2,40,TRUE,71.65,123
ADD,1,41,TRUE,66.34,101
ADD,3,42,TRUE,119.85,216
CANCEL,2,33,TRUE,125.41,210
ADD,2,43,TRUE,86.23,99
ADD,1,44,TRUE,50.25,73
ADD,0,45,TRUE,107.12,195
ADD,2,46,TRUE,83.81,190
ADD,0,47,TRUE,94.45,18
ADD,3,48,TRUE,117.69,217
ADD,0,49,TRUE,75.88,12
CANCEL,2,26,TRUE,123.7,10
ADD,0,50,TRUE,83.38,29
ADD,0,51,TRUE,91.42,229
ADD,2,52,TRUE,120.11,80
CANCEL,3,42,TRUE,119.85,216
ADD,1,53,TRUE,84.32,189
CANCEL,2,197,TRUE,120.84,222
ADD,0,54,TRUE,116.74,52
CANCEL,1,170,TRUE,115.14,211
ADD,2,55,TRUE,102.08,155
ADD,1,56,TRUE,58.77,39
ADD,2,57,TRUE,81.06,145
ADD,2,58,TRUE,56.37,129
ADD,3,59,TRUE,82.83,146
CANCEL,2,52,TRUE,120.11,80
ADD,1,60,TRUE,106.64,69
CANCEL,1,12,TRUE,114.74,237
ADD,0,61,TRUE,78.23,33
CANCEL,3,48,TRUE,117.69,217
ADD,2,62,TRUE,83.14,86
ADD,2,63,TRUE,124.85,11
CANCEL,2,63,TRUE,124.85,11
ADD,1,64,TRUE,53.84,227
ADD,1,65,TRUE,65.19,252
ADD,2,66,TRUE,104.5,183
ADD,2,67,TRUE,83.91,173
CANCEL,1,99,TRUE,113.47,161
ADD,2,68,TRUE,77.15,40
ADD,1,69,TRUE,108.62,111
ADD,1,70,TRUE,109.57,21
ADD,3,71,TRUE,95.68,224
ADD,2,72,TRUE,54.36,85
CANCEL,0,54,TRUE,116.74,52
ADD,2,73,TRUE,116,54
CANCEL,1,125,TRUE,113.31,43
ADD,3,74,TRUE,117.23,194
CANCEL,3,74,TRUE,117.23,194
ADD,2,75,TRUE,96.13,7
ADD,3,76,TRUE,83.44,161
ADD,1,77,TRUE,105.16,86
ADD,1,78,TRUE,75.32,23
ADD,0,79,TRUE,61.81,74
ADD,1,80,TRUE,126.14,45
ADD,2,81,TRUE,119.82,36
ADD,0,82,TRUE,66.54,93
ADD,2,83,TRUE,52.26,237
ADD,3,84,TRUE,116.47,207
CANCEL,1,80,TRUE,126.14,45
ADD,0,85,TRUE,50.46,36
ADD,1,86,TRUE,121.64,128
ADD,1,87,TRUE,116.47,88
ADD,3,88,TRUE,92.83,94
CANCEL,2,81,TRUE,119.82,36
ADD,3,89,TRUE,99.39,224
ADD,0,90,TRUE,66.49,172
ADD,0,91,TRUE,62.64,215
ADD,1,92,TRUE,72.25,22
ADD,0,93,TRUE,92.69,137
CANCEL,0,38,TRUE,108.51,10
ADD,3,94,TRUE,88.53,29
ADD,2,95,TRUE,67.78,60
ADD,1,96,TRUE,63.04,18
ADD,1,97,TRUE,96.55,193
CANCEL,0,45,TRUE,107.12,195
ADD,3,98,TRUE,68.02,209
ADD,2,99,TRUE,92.78,185
ADD,1,100,TRUE,99.47,169
ADD,2,101,TRUE,56.12,5
ADD,2,102,TRUE,114.95,135
ADD,2,103,TRUE,59.61,221
ADD,3,104,TRUE,55.31,182
ADD,1,105,TRUE,85.25,64
ADD,0,106,TRUE,91.07,128
ADD,0,107,TRUE,112.43,171
ADD,3,108,TRUE,64.4,102
ADD,3,109,TRUE,129.39,74
ADD,2,110,TRUE,62.15,106
ADD,2,111,TRUE,111.72,106
ADD,3,112,TRUE,71.84,250
ADD,0,113,TRUE,72.17,58
CANCEL,1,86,TRUE,121.64,128
ADD,3,114,TRUE,73.53,247
CANCEL,2,73,TRUE,116,54
ADD,0,115,TRUE,69.93,220
CANCEL,0,107,TRUE,112.43,171
ADD,2,116,TRUE,70.8,204
CANCEL,3,109,TRUE,129.39,74
CANCEL,1,87,TRUE,116.47,88
CANCEL,1,82,TRUE,112.84,86
CANCEL,1,155,TRUE,110.96,136
ADD,3,117,TRUE,105.1,42
ADD,1,118,TRUE,54.46,182
ADD,3,119,TRUE,55.04,244
ADD,2,120,TRUE,97.97,191
ADD,1,121,TRUE,95.08,56
ADD,0,122,TRUE,93.36,221
ADD,3,123,TRUE,86.24,133
ADD,3,124,TRUE,113,248
CANCEL,1,9,TRUE,110.74,186
ADD,0,125,TRUE,114.43,23
ADD,0,126,TRUE,88.06,77
ADD,3,127,TRUE,60.38,152
ADD,2,128,TRUE,73.76,66
ADD,0,129,TRUE,101.04,95
ADD,2,130,TRUE,127.79,243
ADD,2,131,TRUE,122.54,141
CANCEL,3,84,TRUE,116.47,207
ADD,1,132,TRUE,69.99,145
ADD,2,133,TRUE,98.02,35
ADD,2,134,TRUE,126.71,129
ADD,1,135,TRUE,72.42,42
ADD,3,136,TRUE,63.48,202
ADD,1,137,TRUE,70.51,45
ADD,0,138,TRUE,94.51,176
ADD,1,139,TRUE,89.32,19
ADD,2,140,TRUE,102.98,161
ADD,1,141,TRUE,57.88,122
CANCEL,1,55,TRUE,109.87,145
ADD,1,142,TRUE,93.77,80
ADD,1,143,TRUE,116.55,32
ADD,2,144,TRUE,122.94,96
ADD,0,145,TRUE,82.4,148
ADD,1,146,TRUE,121.77,57
ADD,1,147,TRUE,54.37,23
ADD,3,148,TRUE,90.73,157
ADD,2,149,TRUE,117.86,147
ADD,3,150,TRUE,62.51,106
CANCEL,2,130,TRUE,127.79,243
ADD,2,151,TRUE,56.7,205
ADD,3,152,TRUE,109.95,120
CANCEL,1,146,TRUE,121.77,57
ADD,0,153,TRUE,98.71,149
ADD,3,154,TRUE,90.34,49
CANCEL,2,134,TRUE,126.71,129
ADD,3,155,TRUE,127.77,139
ADD,0,156,TRUE,90.09,147
ADD,1,157,TRUE,83.8,38
ADD,2,158,TRUE,101.91,33
ADD,0,159,TRUE,129.84,83
ADD,1,160,TRUE,60.81,170
ADD,0,161,TRUE,113.15,61
CANCEL,0,159,TRUE,129.84,83
ADD,3,162,TRUE,82.5,175
ADD,1,163,TRUE,117.94,235
ADD,1,164,TRUE,120.25,243
CANCEL,3,155,TRUE,127.77,139
ADD,1,165,TRUE,106.63,187
ADD,3,166,TRUE,90.82,95
CANCEL,0,125,TRUE,114.43,23
ADD,1,167,TRUE,100.78,242
ADD,0,168,TRUE,52.26,222
ADD,2,169,TRUE,101.37,97
CANCEL,2,144,TRUE,122.94,96
CANCEL,3,85,TRUE,113.44,183
CANCEL,3,124,TRUE,113,248
ADD,3,170,TRUE,92.76,218
ADD,1,171,TRUE,120.46,120
ADD,3,172,TRUE,63.08,99
ADD,2,173,TRUE,59.05,24
ADD,0,174,TRUE,97.37,158
ADD,3,175,TRUE,126.18,58
CANCEL,2,131,TRUE,122.54,141
CANCEL,1,171,TRUE,120.46,120
ADD,0,176,TRUE,55.75,120
CANCEL,3,175,TRUE,126.18,58
CANCEL,0,161,TRUE,113.15,61
CANCEL,1,164,TRUE,120.25,243
CANCEL,3,44,TRUE,112.69,20
ADD,1,177,TRUE,110.42,184
ADD,3,178,TRUE,72.71,105
CANCEL,2,149,TRUE,117.86,147
ADD,0,179,TRUE,129.74,147
CANCEL,0,179,TRUE,129.74,147
ADD,0,180,TRUE,79.53,85
ADD,2,181,TRUE,58.88,246
ADD,2,182,TRUE,72.58,89
ADD,2,183,TRUE,126.64,55
ADD,3,184,TRUE,119.13,20
CANCEL,0,161,TRUE,101.21,71
ADD,0,185,TRUE,63.92,31
ADD,3,186,TRUE,58.7,4
ADD,0,187,TRUE,129.62,230
ADD,1,188,TRUE,116.26,233
ADD,0,189,TRUE,79.74,219
ADD,2,190,TRUE,107.98,161
CANCEL,2,183,TRUE,126.64,55
ADD,2,191,TRUE,89.34,49
ADD,3,192,TRUE,57.76,214
ADD,2,193,TRUE,111.61,154
CANCEL,0,187,TRUE,129.62,230
ADD,0,194,TRUE,95.1,203
ADD,2,195,TRUE,73.39,86
ADD,2,196,TRUE,92.07,17
ADD,2,197,TRUE,108.24,85
ADD,2,198,TRUE,104.09,59
CANCEL,3,184,TRUE,119.13,20
ADD,1,199,TRUE,68.34,75
ADD,2,200,TRUE,115.34,119
ADD,2,1,TRUE,50.55,126
ADD,1,2,TRUE,70.77,192
CANCEL,1,163,TRUE,117.94,235
ADD,2,3,TRUE,50.15,62
ADD,0,4,TRUE,88.9,98
ADD,3,5,TRUE,75.03,242
ADD,1,6,TRUE,76.24,32
ADD,3,7,TRUE,68.56,174
ADD,3,8,TRUE,98.32,190
ADD,0,9,TRUE,58.95,1
ADD,3,10,TRUE,80.05,235
ADD,0,11,TRUE,83.36,43
ADD,1,12,TRUE,61.55,30
ADD,0,13,TRUE,87.26,102
ADD,2,14,TRUE,123.16,30
ADD,0,15,TRUE,121.29,20
ADD,0,16,TRUE,63.75,199
ADD,1,17,TRUE,70.05,183
CANCEL,3,38,TRUE,112.66,224
CANCEL,3,54,TRUE,112.59,16
ADD,0,18,TRUE,95.31,240
ADD,0,19,TRUE,77.96,36
ADD,1,20,TRUE,121.08,124
ADD,2,21,TRUE,51.14,172
CANCEL,1,20,TRUE,121.08,124
CANCEL,0,15,TRUE,121.29,20
ADD,3,22,TRUE,120.37,57
ADD,2,23,TRUE,95.5,36
ADD,0,24,TRUE,80.21,172
ADD,0,25,TRUE,66.66,85
ADD,0,26,TRUE,90.86,179
CANCEL,1,143,TRUE,116.55,32
ADD,1,27,TRUE,59.73,34
ADD,1,28,TRUE,106.65,112
ADD,1,29,TRUE,126.36,67
ADD,2,30,TRUE,85.83,72
ADD,1,31,TRUE,111.1,180
ADD,3,32,TRUE,79.92,107
CANCEL,3,22,TRUE,120.37,57
ADD,1,33,TRUE,108.11,146
ADD,3,34,TRUE,112.72,74
ADD,3,35,TRUE,84.52,152
ADD,1,36,TRUE,84.33,219
ADD,0,37,TRUE,57.69,89
ADD,0,38,TRUE,63.59,198
CANCEL,0,129,TRUE,101.04,95
ADD,2,39,TRUE,100.19,33
ADD,2,40,TRUE,105.27,253
ADD,1,41,TRUE,57.63,178
CANCEL,0,46,TRUE,100.86,247
ADD,3,42,TRUE,123.17,87
ADD,2,43,TRUE,91.61,209
CANCEL,3,42,TRUE,123.17,87
ADD,0,44,TRUE,84.67,245
ADD,2,45,TRUE,116.32,28
ADD,3,46,TRUE,92.08,17
CANCEL,0,160,TRUE,100.58,200
ADD,1,47,TRUE,63.85,30
ADD,0,48,TRUE,103.03,151
ADD,0,49,TRUE,100.15,119
CANCEL,0,48,TRUE,103.03,151
ADD,2,50,TRUE,97.34,155
ADD,3,51,TRUE,112.29,88
CANCEL,0,49,TRUE,100.15,119
ADD,1,52,TRUE,106.49,181
ADD,1,53,TRUE,69.92,55
ADD,1,54,TRUE,84.45,149
ADD,0,55,TRUE,54.54,180
ADD,2,56,TRUE,65.01,210
ADD,1,57,TRUE,105.19,119
CANCEL,0,188,TRUE,99.7,102
ADD,3,58,TRUE,61.28,41
ADD,3,59,TRUE,126.45,207
ADD,3,60,TRUE,95.96,189
ADD,3,61,TRUE,65.24,117
CANCEL,0,178,TRUE,99.52,84
CANCEL,3,59,TRUE,126.45,207
CANCEL,2,14,TRUE,123.16,30
CANCEL,3,34,TRUE,112.72,74
ADD,3,62,TRUE,61.33,94
ADD,0,63,TRUE,64.49,100
ADD,0,64,TRUE,102.65,30
ADD,2,65,TRUE,88.65,180
ADD,3,66,TRUE,68.15,76
ADD,1,67,TRUE,75.92,160
ADD,0,68,TRUE,99.62,145
ADD,0,69,TRUE,52.04,246
ADD,2,70,TRUE,73.54,245
ADD,1,71,TRUE,120,87
ADD,1,72,TRUE,84.18,196
ADD,2,73,TRUE,108.13,14
CANCEL,1,29,TRUE,126.36,67
CANCEL,3,40,TRUE,112.46,59
ADD,2,74,TRUE,55.5,237
ADD,1,75,TRUE,108.78,106
ADD,0,76,TRUE,57.01,129
ADD,1,77,TRUE,87.07,10
ADD,0,78,TRUE,129.33,172
ADD,2,79,TRUE,67.36,97
ADD,2,80,TRUE,93.2,93
ADD,3,81,TRUE,126.12,194
ADD,2,82,TRUE,52.42,167
CANCEL,1,71,TRUE,120,87
ADD,3,83,TRUE,68.68,190
CANCEL,3,81,TRUE,126.12,194
CANCEL,0,78,TRUE,129.33,172
CANCEL,3,51,TRUE,112.29,88
CANCEL,0,64,TRUE,102.65,30
ADD,1,84,TRUE,78.36,122
ADD,1,85,TRUE,67.04,142
ADD,3,86,TRUE,89.33,136
ADD,0,87,TRUE,51.65,58
ADD,3,88,TRUE,118.34,252
CANCEL,3,88,TRUE,118.34,252
ADD,2,89,TRUE,98.16,37
ADD,1,90,TRUE,105.95,35
ADD,0,91,TRUE,82.43,22
ADD,0,92,TRUE,117.75,168
ADD,1,93,TRUE,98.35,207
ADD,1,94,TRUE,63.19,225
CANCEL,1,188,TRUE,116.26,233
ADD,1,95,TRUE,102.65,244
CANCEL,2,45,TRUE,116.32,28
ADD,0,96,TRUE,95.7,148
ADD,1,97,TRUE,72.49,115
CANCEL,1,31,TRUE,111.1,180
ADD,0,98,TRUE,83.5,151
ADD,1,99,TRUE,99.71,41
ADD,2,100,TRUE,78.19,125
ADD,1,101,TRUE,53.97,143
ADD,3,102,TRUE,121.8,54
CANCEL,2,200,TRUE,115.34,119
ADD,1,103,TRUE,83.34,149
ADD,3,104,TRUE,67.37,208
ADD,2,105,TRUE,87.48,153
CANCEL,2,102,TRUE,114.95,135
ADD,3,106,TRUE,109.34,240
ADD,1,107,TRUE,80.75,129
ADD,2,108,TRUE,80.73,92
ADD,0,109,TRUE,59.44,228
ADD,0,110,TRUE,82.65,140
ADD,2,111,TRUE,87.72,180
ADD,3,112,TRUE,107.42,13
ADD,2,113,TRUE,126.81,31
ADD,3,114,TRUE,125.78,49
ADD,3,115,TRUE,71.85,202
ADD,0,116,TRUE,87.67,117
ADD,1,117,TRUE,81.99,85
ADD,3,118,TRUE,73.4,166
ADD,0,119,TRUE,66.53,108
ADD,0,120,TRUE,83.43,23
ADD,0,121,TRUE,55.24,48
ADD,0,122,TRUE,108.28,172
ADD,1,123,TRUE,95.47,46
ADD,2,124,TRUE,121.63,112
ADD,2,125,TRUE,98.66,158
ADD,1,126,TRUE,89.57,60
ADD,1,127,TRUE,112.16,92
ADD,2,128,TRUE,71.38,222
ADD,1,129,TRUE,50.54,8
ADD,3,130,TRUE,58.7,40
ADD,2,131,TRUE,104.87,91
ADD,1,132,TRUE,61.45,134
ADD,1,133,TRUE,61.79,89
ADD,2,134,TRUE,53.4,15
ADD,2,135,TRUE,70.31,151
ADD,0,136,TRUE,54.92,67
ADD,1,137,TRUE,99,239
ADD,2,138,TRUE,122.62,20
ADD,1,139,TRUE,70.28,242
ADD,0,140,TRUE,66.03,176
ADD,2,141,TRUE,106.12,129
ADD,0,142,TRUE,71.63,223
ADD,3,143,TRUE,87.11,24
ADD,0,144,TRUE,88.72,62
ADD,1,145,TRUE,113.67,254
ADD,1,146,TRUE,77.94,25
ADD,1,147,TRUE,102.14,100
ADD,0,148,TRUE,98.88,198
ADD,0,149,TRUE,122.06,205
ADD,2,150,TRUE,124.11,183
ADD,0,151,TRUE,99.86,245
ADD,2,152,TRUE,60.81,20
ADD,0,153,TRUE,53.75,172
CANCEL,3,114,TRUE,125.78,49
ADD,1,154,TRUE,113.62,247
ADD,2,155,TRUE,78.42,193
ADD,3,156,TRUE,114.65,250
ADD,1,157,TRUE,103.55,79
ADD,3,158,TRUE,70.93,35
CANCEL,3,102,TRUE,121.8,54
ADD,2,159,TRUE,58.27,235
ADD,3,160,TRUE,58.86,78
ADD,1,161,TRUE,58.99,205
CANCEL,1,145,TRUE,113.67,254
ADD,0,162,TRUE,93.89,6
ADD,2,163,TRUE,108.2,113
ADD,1,164,TRUE,84.71,110
ADD,2,165,TRUE,89.39,74
CANCEL,3,156,TRUE,114.65,250
ADD,2,166,TRUE,119.78,105
CANCEL,3,4,TRUE,111.36,105
CANCEL,1,154,TRUE,113.62,247
ADD,3,167,TRUE,105.59,195
ADD,3,168,TRUE,94.03,140
CANCEL,3,14,TRUE,111.18,81
ADD,2,169,TRUE,79,60
ADD,3,170,TRUE,104.2,86
ADD,3,171,TRUE,86.08,237
ADD,0,172,TRUE,127.72,140
ADD,3,173,TRUE,69.51,207
ADD,1,174,TRUE,104.45,183
CANCEL,1,127,TRUE,112.16,92
ADD,3,175,TRUE,122.17,126
ADD,1,176,TRUE,80.34,8
ADD,2,177,TRUE,70.85,250
ADD,0,178,TRUE,93.84,219
ADD,0,179,TRUE,51.86,121
ADD,0,180,TRUE,79.14,13
ADD,3,181,TRUE,70.97,152
ADD,3,182,TRUE,59.35,8
ADD,0,183,TRUE,121.95,238
ADD,2,184,TRUE,113.14,170
ADD,2,185,TRUE,57.93,89
ADD,1,186,TRUE,90.36,198
CANCEL,3,175,TRUE,122.17,126
ADD,0,187,TRUE,69.61,223
ADD,0,188,TRUE,85.47,207
CANCEL,2,113,TRUE,126.81,31
ADD,1,189,TRUE,100.82,255
ADD,3,190,TRUE,127.46,35
ADD,2,191,TRUE,109.6,115
ADD,2,192,TRUE,80.32,206
CANCEL,1,177,TRUE,110.42,184
ADD,3,193,TRUE,58.48,171
ADD,2,194,TRUE,59.78,152
CANCEL,0,172,TRUE,127.72,140
ADD,1,195,TRUE,79.34,225
ADD,1,196,TRUE,60.29,27
ADD,0,197,TRUE,105.94,20
ADD,0,198,TRUE,64.67,110
ADD,0,199,TRUE,95.07,205
ADD,3,200,TRUE,93.64,126
CANCEL,0,149,TRUE,122.06,205
ADD,1,1,TRUE,64.1,50
ADD,2,2,TRUE,70.7,250
ADD,3,3,TRUE,67.52,226
ADD,0,4,TRUE,95.58,119
ADD,1,5,TRUE,125.26,161
ADD,1,6,TRUE,61.52,79
ADD,1,7,TRUE,62.57,82
ADD,0,8,TRUE,69.49,171
ADD,3,9,TRUE,84.11,178
ADD,3,10,TRUE,62.96,233
CANCEL,0,183,TRUE,121.95,238
CANCEL,0,92,TRUE,117.75,168
ADD,2,11,TRUE,105.87,165
CANCEL,1,5,TRUE,125.26,161
ADD,1,12,TRUE,81.44,157
ADD,3,13,TRUE,115.44,102
CANCEL,0,122,TRUE,108.28,172
CANCEL,0,197,TRUE,105.94,20
CANCEL,0,151,TRUE,99.86,245
ADD,2,14,TRUE,64.33,213
CANCEL,2,150,TRUE,124.11,183
ADD,3,15,TRUE,59.83,182
ADD,1,16,TRUE,75.59,65
CANCEL,0,68,TRUE,99.62,145
ADD,2,17,TRUE,68.94,164
ADD,2,18,TRUE,89.32,215
ADD,2,19,TRUE,50.59,181
ADD,0,20,TRUE,80.25,215
ADD,1,21,TRUE,75.77,246
ADD,3,22,TRUE,96.88,226
ADD,0,23,TRUE,61.91,70
ADD,1,24,TRUE,117.87,249
ADD,0,25,TRUE,74.87,121
ADD,0,26,TRUE,127.63,244
ADD,0,27,TRUE,86.65,45
ADD,2,28,TRUE,118.5,59
ADD,1,29,TRUE,123.74,236
ADD,2,30,TRUE,57.02,26
ADD,2,31,TRUE,82.51,206
CANCEL,2,138,TRUE,122.62,20
ADD,2,32,TRUE,76.07,30
ADD,2,33,TRUE,118.21,100
ADD,2,34,TRUE,72.14,235
ADD,0,35,TRUE,59.16,226
ADD,1,36,TRUE,69.31,130
ADD,3,37,TRUE,62.33,102
ADD,2,38,TRUE,116.03,206
ADD,1,39,TRUE,51.74,12
CANCEL,2,124,TRUE,121.63,112
ADD,0,40,TRUE,126.93,125
ADD,0,41,TRUE,105.35,114
CANCEL,1,29,TRUE,123.74,236
ADD,3,42,TRUE,117.11,214
CANCEL,1,24,TRUE,117.87,249
ADD,1,43,TRUE,122.42,129
CANCEL,2,166,TRUE,119.78,105
ADD,1,44,TRUE,78.04,225
ADD,0,45,TRUE,126.12,108
ADD,1,46,TRUE,113.92,37
ADD,3,47,TRUE,125.91,159
ADD,1,48,TRUE,50.43,109
ADD,0,49,TRUE,100.11,213
ADD,0,50,TRUE,70.7,166
ADD,2,51,TRUE,50.78,16
ADD,0,52,TRUE,78.77,208
CANCEL,2,28,TRUE,118.5,59
ADD,2,53,TRUE,93.8,94
ADD,0,54,TRUE,96.34,70
CANCEL,2,33,TRUE,118.21,100
ADD,1,55,TRUE,86.17,203
ADD,0,56,TRUE,73.32,194
CANCEL,1,43,TRUE,122.42,129
ADD,0,57,TRUE,126.35,176
ADD,0,58,TRUE,94.62,204
CANCEL,3,190,TRUE,127.46,35
ADD,0,59,TRUE,63.85,233
ADD,3,60,TRUE,126.23,61
ADD,0,61,TRUE,99.9,146
ADD,2,62,TRUE,85.38,121
ADD,3,63,TRUE,68.7,88
ADD,2,64,TRUE,52.22,137
ADD,2,65,TRUE,120.47,188
CANCEL,3,60,TRUE,126.23,61
ADD,3,66,TRUE,82.58,112
CANCEL,2,65,TRUE,120.47,188
ADD,3,67,TRUE,98.02,38
ADD,1,68,TRUE,124.52,71
ADD,1,69,TRUE,115.1,246
ADD,1,70,TRUE,87.16,122
CANCEL,1,68,TRUE,124.52,71
ADD,3,71,TRUE,65.61,145
CANCEL,1,69,TRUE,115.1,246
ADD,3,72,TRUE,63.87,151
ADD,3,73,TRUE,82.11,139
ADD,0,74,TRUE,105.51,179
ADD,1,75,TRUE,88.24,158
ADD,2,76,TRUE,85.19,27
ADD,2,77,TRUE,93.32,210
ADD,1,78,TRUE,98.47,174
CANCEL,2,38,TRUE,116.03,206
CANCEL,0,26,TRUE,127.63,244
ADD,3,79,TRUE,126.69,231
CANCEL,3,79,TRUE,126.69,231
ADD,1,80,TRUE,100.68,107
ADD,1,81,TRUE,74.17,167
CANCEL,3,47,TRUE,125.91,159
ADD,0,82,TRUE,73.28,97
ADD,3,83,TRUE,65.64,151
ADD,0,84,TRUE,113.71,152
ADD,0,85,TRUE,110.15,94
ADD,3,86,TRUE,78.25,48
ADD,3,87,TRUE,61.53,87
ADD,3,88,TRUE,104.59,119
ADD,3,89,TRUE,87.4,220
CANCEL,1,46,TRUE,113.92,37
ADD,0,90,TRUE,73.94,158
ADD,3,91,TRUE,63.56,202
ADD,1,92,TRUE,103.33,33
ADD,2,93,TRUE,129.54,110
ADD,1,94,TRUE,121.22,6
ADD,2,95,TRUE,64.57,232
ADD,1,96,TRUE,51.49,140
ADD,1,97,TRUE,101.91,139
ADD,0,98,TRUE,87.05,247
ADD,0,99,TRUE,123.1,241
ADD,0,100,TRUE,89.58,134
ADD,2,101,TRUE,54.35,89
CANCEL,1,94,TRUE,121.22,6
ADD,0,102,TRUE,58.71,161
ADD,3,103,TRUE,82.09,206
CANCEL,3,42,TRUE,117.11,214
ADD,2,104,TRUE,116.09,242
ADD,2,105,TRUE,75.4,116
ADD,2,106,TRUE,113.36,164
ADD,0,107,TRUE,127.41,92
ADD,3,108,TRUE,104.45,27
ADD,0,109,TRUE,54.63,134
ADD,2,110,TRUE,66.84,184
ADD,0,111,TRUE,114.9,164
ADD,1,112,TRUE,100.19,121
ADD,3,113,TRUE,98.88,183
ADD,2,114,TRUE,92.22,125
ADD,1,115,TRUE,113.68,45
ADD,0,116,TRUE,89.73,146
ADD,2,117,TRUE,117.52,166
ADD,0,118,TRUE,83.04,203
ADD,2,119,TRUE,105.2,105
CANCEL,3,13,TRUE,115.44,102
ADD,2,120,TRUE,100.28,216
ADD,3,121,TRUE,120.88,162
ADD,3,122,TRUE,63.93,49
ADD,3,123,TRUE,88.85,250
ADD,1,124,TRUE,120.71,178
ADD,0,125,TRUE,90.44,219
CANCEL,0,107,TRUE,127.41,92
CANCEL,0,40,TRUE,126.93,125
CANCEL,2,93,TRUE,129.54,110
ADD,0,126,TRUE,117.34,216
ADD,3,127,TRUE,109.48,163
ADD,1,128,TRUE,51.01,71
ADD,1,129,TRUE,97.34,203
ADD,0,130,TRUE,90.72,69
ADD,0,131,TRUE,74.67,12
ADD,3,132,TRUE,90.44,85
ADD,2,133,TRUE,89.49,232
ADD,2,134,TRUE,78.27,120
ADD,3,135,TRUE,82.9,152
ADD,2,136,TRUE,82.46,234
ADD,3,137,TRUE,66.68,230
ADD,3,138,TRUE,87.82,188
ADD,1,139,TRUE,117.02,21
ADD,2,140,TRUE,64.98,21
ADD,0,141,TRUE,84.18,75
ADD,2,142,TRUE,85.16,90
ADD,3,143,TRUE,60.25,70
ADD,3,144,TRUE,124.34,32
CANCEL,1,124,TRUE,120.71,178
ADD,1,145,TRUE,86.58,73
ADD,3,146,TRUE,72.54,219
ADD,1,147,TRUE,72.08,115
ADD,1,148,TRUE,61.27,166
ADD,1,149,TRUE,84.66,10
ADD,2,150,TRUE,60.51,180
ADD,3,151,TRUE,73.47,207
CANCEL,1,139,TRUE,117.02,21
CANCEL,0,57,TRUE,126.35,176
ADD,2,152,TRUE,58.75,105
ADD,2,153,TRUE,70.73,130
CANCEL,1,115,TRUE,113.68,45
ADD,2,154,TRUE,66.53,174
ADD,0,155,TRUE,119.77,201
CANCEL,1,70,TRUE,109.57,21
ADD,3,156,TRUE,121.21,19
CANCEL,2,117,TRUE,117.52,166
ADD,0,157,TRUE,60.23,128
ADD,2,158,TRUE,77.43,210
CANCEL,3,144,TRUE,124.34,32
ADD,1,159,TRUE,57.41,69
ADD,2,160,TRUE,106.12,238
ADD,2,161,TRUE,101.15,6
ADD,2,162,TRUE,82.73,86
CANCEL,0,45,TRUE,126.12,108
ADD,3,163,TRUE,89.53,2
ADD,0,164,TRUE,103.67,218
ADD,2,165,TRUE,89.55,196
ADD,3,166,TRUE,66.15,94
ADD,2,167,TRUE,61.88,168
ADD,0,168,TRUE,84.27,110
CANCEL,2,104,TRUE,116.09,242
ADD,0,169,TRUE,111.94,16
ADD,1,170,TRUE,61.81,86
ADD,0,171,TRUE,56.59,206
ADD,1,172,TRUE,76.88,108
ADD,0,173,TRUE,74.31,119
CANCEL,2,80,TRUE,114.26,87
ADD,3,174,TRUE,107.73,7
ADD,0,175,TRUE,98.27,46
ADD,3,176,TRUE,112.58,78
ADD,0,177,TRUE,128.05,226
ADD,2,178,TRUE,93.82,65
CANCEL,1,75,TRUE,108.78,106
ADD,1,179,TRUE,96.57,209
ADD,3,180,TRUE,99.31,97
ADD,3,181,TRUE,84.16,76
ADD,3,182,TRUE,110.24,57
ADD,1,183,TRUE,124.81,50
ADD,2,184,TRUE,70.06,128
CANCEL,2,79,TRUE,114.16,11
CANCEL,3,156,TRUE,121.21,19
ADD,1,185,TRUE,106.29,191
ADD,1,186,TRUE,128.84,121
ADD,0,187,TRUE,118.6,119
ADD,3,188,TRUE,90.23,198
CANCEL,2,108,TRUE,113.95,39
ADD,0,189,TRUE,117.27,103
ADD,3,190,TRUE,126.69,122
ADD,1,191,TRUE,85.93,166
ADD,2,192,TRUE,120.57,97
ADD,3,193,TRUE,112.33,89
ADD,3,194,TRUE,117.8,129
ADD,2,195,TRUE,61.32,193
CANCEL,2,192,TRUE,120.57,97
ADD,3,196,TRUE,89.1,223
CANCEL,0,177,TRUE,128.05,226
ADD,1,197,TRUE,114.74,90
CANCEL,3,190,TRUE,126.69,122
